Code département;Libellé département;Inscrits;Votants;% Votants;Abstentions;% Abstentions;Exprimés;% Exprimés/inscrits;% Exprimés/votants;Blancs;% Blancs/inscrits;% Blancs/votants;Nuls;% Nuls/inscrits;% Nuls/votants;Nuance candidat 1;Voix 1;% Voix/inscrits 1;% Voix/exprimés 1;Nuance candidat 2;Voix 2;% Voix/inscrits 2;% Voix/exprimés 2;Nuance candidat 3;Voix 3;% Voix/inscrits 3;% Voix/exprimés 3;Nuance candidat 4;Voix 4;% Voix/inscrits 4;% Voix/exprimés 4;Nuance candidat 5;Voix 5;% Voix/inscrits 5;% Voix/exprimés 5;Nuance candidat 6;Voix 6;% Voix/inscrits 6;% Voix/exprimés 6;Nuance candidat 7;Voix 7;% Voix/inscrits 7;% Voix/exprimés 7;Nuance candidat 8;Voix 8;% Voix/inscrits 8;% Voix/exprimés 8;Nuance candidat 9;Voix 9;% Voix/inscrits 9;% Voix/exprimés 9;Nuance candidat 10;Voix 10;% Voix/inscrits 10;% Voix/exprimés 10;Nuance candidat 11;Voix 11;% Voix/inscrits 11;% Voix/exprimés 11;Nuance candidat 12;Voix 12;% Voix/inscrits 12;% Voix/exprimés 12;Nuance candidat 13;Voix 13;% Voix/inscrits 13;% Voix/exprimés 13;Nuance candidat 14;Voix 14;% Voix/inscrits 14;% Voix/exprimés 14;Nuance candidat 15;Voix 15;% Voix/inscrits 15;% Voix/exprimés 15
1;Ain;446866;310781;69,55%;136085;30,45%;303352;67,88%;97,61%;5326;1,19%;1,71%;2103;0,47%;0,68%;EXG;2919;0,65%;0,96%;UG;70321;15,74%;23,18%;ECO;484;0,11%;0,16%;DIV;766;0,17%;0,25%;ENS;62300;13,94%;20,54%;LR;33697;7,54%;11,11%;DVD;9651;2,16%;3,18%;DSV;1280;0,29%;0,42%;RN;99481;22,26%;32,79%;REC;429;0,10%;0,14%;UXD;20161;4,51%;6,65%;EXD;1863;0,42%;0,61%;;;;;;;;;;;;
2;Aisne;372655;238505;64,00%;134150;36,00%;231265;62,06%;96,96%;4878;1,31%;2,05%;2362;0,63%;0,99%;EXG;3836;1,03%;1,66%;DVG;15385;4,13%;6,65%;UG;34772;9,33%;15,04%;DIV;316;0,08%;0,14%;ENS;31639;8,49%;13,68%;LR;18953;5,09%;8,20%;DSV;1165;0,31%;0,50%;RN;99853;26,80%;43,18%;REC;1216;0,33%;0,53%;EXD;24130;6,48%;10,43%;;;;;;;;;;;;;;;;;;;;
3;Allier;248492;170917;68,78%;77575;31,22%;164573;66,23%;96,29%;3605;1,45%;2,11%;2739;1,10%;1,60%;EXG;2361;0,95%;1,43%;UG;40460;16,28%;24,58%;ENS;15335;6,17%;9,32%;UDI;1303;0,52%;0,79%;LR;39557;15,92%;24,04%;DVD;3548;1,43%;2,16%;RN;60896;24,51%;37,00%;REC;1113;0,45%;0,68%;;;;;;;;;;;;;;;;;;;;;;;;;;;;
4;Alpes-de-Haute-Provence;128144;89839;70,11%;38305;29,89%;86811;67,74%;96,63%;2170;1,69%;2,42%;858;0,67%;0,96%;EXG;834;0,65%;0,96%;UG;26231;20,47%;30,22%;ENS;18294;14,28%;21,07%;UDI;1;0,00%;0,00%;LR;2956;2,31%;3,41%;DVD;512;0,40%;0,59%;RN;18616;14,53%;21,44%;REC;1053;0,82%;1,21%;UXD;18314;14,29%;21,10%;;;;;;;;;;;;;;;;;;;;;;;;
5;Hautes-Alpes;114564;82236;71,78%;32328;28,22%;79961;69,80%;97,23%;1537;1,34%;1,87%;738;0,64%;0,90%;EXG;1037;0,91%;1,30%;UG;25229;22,02%;31,55%;DIV;2206;1,93%;2,76%;ENS;19650;17,15%;24,57%;LR;2950;2,57%;3,69%;RN;28889;25,22%;36,13%;;;;;;;;;;;;;;;;;;;;;;;;;;;;;;;;;;;;
6;Alpes-Maritimes;784146;520859;66,42%;263287;33,58%;509998;65,04%;97,91%;7531;0,96%;1,45%;3330;0,42%;0,64%;EXG;3120;0,40%;0,61%;UG;98839;12,60%;19,38%;ECO;16194;2,07%;3,18%;REG;136;0,02%;0,03%;DIV;6700;0,85%;1,31%;ENS;74691;9,53%;14,65%;LR;75315;9,60%;14,77%;DSV;883;0,11%;0,17%;RN;156761;19,99%;30,74%;REC;932;0,12%;0,18%;UXD;74596;9,51%;14,63%;EXD;1831;0,23%;0,36%;;;;;;;;;;;;
7;Ardèche;257756;185082;71,81%;72674;28,19%;180073;69,86%;97,29%;3337;1,29%;1,80%;1672;0,65%;0,90%;EXG;2410;0,93%;1,34%;UG;54099;20,99%;30,04%;REG;331;0,13%;0,18%;DIV;2417;0,94%;1,34%;ENS;24539;9,52%;13,63%;LR;3067;1,19%;1,70%;DVD;25703;9,97%;14,27%;DSV;1264;0,49%;0,70%;RN;40064;15,54%;22,25%;REC;1762;0,68%;0,98%;UXD;24417;9,47%;13,56%;;;;;;;;;;;;;;;;
8;Ardennes;185429;120990;65,25%;64439;34,75%;118714;64,02%;98,12%;1384;0,75%;1,14%;892;0,48%;0,74%;EXG;1424;0,77%;1,20%;UG;18954;10,22%;15,97%;ECO;956;0,52%;0,81%;DIV;998;0,54%;0,84%;ENS;15624;8,43%;13,16%;LR;1782;0,96%;1,50%;DVD;26509;14,30%;22,33%;RN;48210;26,00%;40,61%;EXD;4257;2,30%;3,59%;;;;;;;;;;;;;;;;;;;;;;;;
9;Ariège;119467;84320;70,58%;35147;29,42%;79199;66,29%;93,93%;3422;2,86%;4,06%;1699;1,42%;2,01%;EXG;4608;3,86%;5,82%;UG;39156;32,78%;49,44%;DVD;2023;1,69%;2,55%;RN;31727;26,56%;40,06%;REC;1685;1,41%;2,13%;;;;;;;;;;;;;;;;;;;;;;;;;;;;;;;;;;;;;;;;
10;Aube;203412;137004;67,35%;66408;32,65%;133555;65,66%;97,48%;2075;1,02%;1,51%;1374;0,68%;1,00%;EXG;1522;0,75%;1,14%;UG;24453;12,02%;18,31%;ECO;970;0,48%;0,73%;ENS;19595;9,63%;14,67%;LR;22477;11,05%;16,83%;DVD;1502;0,74%;1,12%;RN;63036;30,99%;47,20%;;;;;;;;;;;;;;;;;;;;;;;;;;;;;;;;
11;Aude;281911;197157;69,94%;84754;30,06%;189943;67,38%;96,34%;4394;1,56%;2,23%;2820;1,00%;1,43%;EXG;1330;0,47%;0,70%;DVG;8463;3,00%;4,46%;UG;48696;17,27%;25,64%;REG;0;0,00%;0,00%;DIV;2686;0,95%;1,41%;ENS;31134;11,04%;16,39%;DVC;465;0,16%;0,24%;UDI;1868;0,66%;0,98%;LR;2100;0,74%;1,11%;DVD;654;0,23%;0,34%;RN;90074;31,95%;47,42%;REC;2473;0,88%;1,30%;;;;;;;;;;;;
12;Aveyron;218833;161220;73,67%;57613;26,33%;154844;70,76%;96,05%;4184;1,91%;2,60%;2192;1,00%;1,36%;EXG;1620;0,74%;1,05%;UG;43100;19,70%;27,83%;ECO;1066;0,49%;0,69%;ENS;55553;25,39%;35,88%;DVD;811;0,37%;0,52%;DSV;1141;0,52%;0,74%;RN;33509;15,31%;21,64%;UXD;18044;8,25%;11,65%;;;;;;;;;;;;;;;;;;;;;;;;;;;;
13;Bouches-du-Rhône;1438716;956705;66,50%;482011;33,50%;934551;64,96%;97,68%;15383;1,07%;1,61%;6771;0,47%;0,71%;EXG;6685;0,46%;0,72%;DVG;13778;0,96%;1,47%;UG;273957;19,04%;29,31%;ECO;10140;0,70%;1,09%;REG;2;0,00%;0,00%;DIV;946;0,07%;0,10%;ENS;183918;12,78%;19,68%;DVC;3;0,00%;0,00%;LR;45652;3,17%;4,88%;DVD;378;0,03%;0,04%;DSV;3248;0,23%;0,35%;RN;341630;23,75%;36,56%;REC;13325;0,93%;1,43%;UXD;40885;2,84%;4,37%;EXD;4;0,00%;0,00%
14;Calvados;516426;364341;70,55%;152085;29,45%;355684;68,87%;97,62%;5769;1,12%;1,58%;2888;0,56%;0,79%;EXG;3597;0,70%;1,01%;UG;93618;18,13%;26,32%;DIV;12;0,00%;0,00%;ENS;84690;16,40%;23,81%;DVC;5080;0,98%;1,43%;DVD;48257;9,34%;13,57%;DSV;4296;0,83%;1,21%;RN;113340;21,95%;31,87%;REC;2794;0,54%;0,79%;;;;;;;;;;;;;;;;;;;;;;;;
15;Cantal;114624;82445;71,93%;32179;28,07%;80224;69,99%;97,31%;1336;1,17%;1,62%;885;0,77%;1,07%;EXG;756;0,66%;0,94%;UG;14812;12,92%;18,46%;HOR;3377;2,95%;4,21%;ENS;3019;2,63%;3,76%;DVD;32346;28,22%;40,32%;RN;25284;22,06%;31,52%;REC;630;0,55%;0,79%;;;;;;;;;;;;;;;;;;;;;;;;;;;;;;;;
16;Charente;258184;177234;68,65%;80950;31,35%;170977;66,22%;96,47%;3848;1,49%;2,17%;2409;0,93%;1,36%;EXG;2494;0,97%;1,46%;UG;45027;17,44%;26,34%;ECO;457;0,18%;0,27%;HOR;16784;6,50%;9,82%;ENS;29920;11,59%;17,50%;UDI;2293;0,89%;1,34%;LR;7055;2,73%;4,13%;RN;42737;16,55%;25,00%;REC;2259;0,87%;1,32%;UXD;21440;8,30%;12,54%;EXD;509;0,20%;0,30%;;;;;;;;;;;;;;;;
17;Charente-Maritime;524078;365607;69,76%;158471;30,24%;355954;67,92%;97,36%;6717;1,28%;1,84%;2936;0,56%;0,80%;EXG;4133;0,79%;1,16%;DVG;35413;6,76%;9,95%;UG;88598;16,91%;24,89%;REG;0;0,00%;0,00%;DIV;170;0,03%;0,05%;HOR;27124;5,18%;7,62%;ENS;52934;10,10%;14,87%;LR;14902;2,84%;4,19%;RN;131705;25,13%;37,00%;REC;975;0,19%;0,27%;;;;;;;;;;;;;;;;;;;;
18;Cher;222522;147076;66,10%;75446;33,90%;142300;63,95%;96,75%;3490;1,57%;2,37%;1286;0,58%;0,87%;EXG;1828;0,82%;1,28%;UG;33387;15,00%;23,46%;REG;149;0,07%;0,10%;ENS;40809;18,34%;28,68%;LR;3178;1,43%;2,23%;DVD;2705;1,22%;1,90%;DSV;290;0,13%;0,20%;RN;58847;26,45%;41,35%;REC;1107;0,50%;0,78%;;;;;;;;;;;;;;;;;;;;;;;;
19;Corrèze;185012;135276;73,12%;49736;26,88%;129778;70,15%;95,94%;3051;1,65%;2,26%;2447;1,32%;1,81%;EXG;2612;1,41%;2,01%;UG;41783;22,58%;32,20%;LR;41272;22,31%;31,80%;RN;43548;23,54%;33,56%;REC;563;0,30%;0,43%;;;;;;;;;;;;;;;;;;;;;;;;;;;;;;;;;;;;;;;;
21;Côte-d'Or;367955;261166;70,98%;106789;29,02%;254532;69,17%;97,46%;4898;1,33%;1,88%;1736;0,47%;0,66%;EXG;3471;0,94%;1,36%;DVG;3408;0,93%;1,34%;UG;63846;17,35%;25,08%;ECO;1222;0,33%;0,48%;ENS;55878;15,19%;21,95%;DVC;233;0,06%;0,09%;LR;30250;8,22%;11,88%;DVD;1531;0,42%;0,60%;DSV;231;0,06%;0,09%;RN;76545;20,80%;30,07%;REC;512;0,14%;0,20%;UXD;17405;4,73%;6,84%;;;;;;;;;;;;
22;Côtes-d'Armor;473904;351392;74,15%;122512;25,85%;341752;72,11%;97,26%;6120;1,29%;1,74%;3520;0,74%;1,00%;EXG;5704;1,20%;1,67%;UG;96012;20,26%;28,09%;ECO;1806;0,38%;0,53%;REG;1484;0,31%;0,43%;DIV;426;0,09%;0,12%;ENS;103505;21,84%;30,29%;DVC;552;0,12%;0,16%;LR;24155;5,10%;7,07%;DVD;5946;1,25%;1,74%;RN;101308;21,38%;29,64%;REC;854;0,18%;0,25%;;;;;;;;;;;;;;;;
23;Creuse;89980;63557;70,63%;26423;29,37%;61182;68,00%;96,26%;1468;1,63%;2,31%;907;1,01%;1,43%;EXG;958;1,06%;1,57%;UG;14359;15,96%;23,47%;DIV;763;0,85%;1,25%;ENS;10670;11,86%;17,44%;DVD;13536;15,04%;22,12%;REC;493;0,55%;0,81%;UXD;20403;22,68%;33,35%;;;;;;;;;;;;;;;;;;;;;;;;;;;;;;;;
24;Dordogne;319281;229285;71,81%;89996;28,19%;220680;69,12%;96,25%;4857;1,52%;2,12%;3748;1,17%;1,63%;EXG;2905;0,91%;1,32%;UG;67072;21,01%;30,39%;DIV;129;0,04%;0,06%;ENS;37015;11,59%;16,77%;DVC;10521;3,30%;4,77%;LR;15303;4,79%;6,93%;RN;86433;27,07%;39,17%;REC;1302;0,41%;0,59%;;;;;;;;;;;;;;;;;;;;;;;;;;;;
25;Doubs;370148;257393;69,54%;112755;30,46%;250140;67,58%;97,18%;4735;1,28%;1,84%;2518;0,68%;0,98%;EXG;3682;0,99%;1,47%;UG;66338;17,92%;26,52%;ECO;1829;0,49%;0,73%;REG;2;0,00%;0,00%;DIV;497;0,13%;0,20%;ENS;61010;16,48%;24,39%;LR;24571;6,64%;9,82%;DSV;889;0,24%;0,36%;RN;72527;19,59%;28,99%;UXD;18795;5,08%;7,51%;;;;;;;;;;;;;;;;;;;;
26;Drôme;386344;273054;70,68%;113290;29,32%;266172;68,90%;97,48%;4567;1,18%;1,67%;2315;0,60%;0,85%;EXG;2736;0,71%;1,03%;UG;80317;20,79%;30,17%;ENS;41951;10,86%;15,76%;LR;39466;10,22%;14,83%;DVD;1795;0,46%;0,67%;DSV;798;0,21%;0,30%;RN;70273;18,19%;26,40%;REC;2816;0,73%;1,06%;UXD;26020;6,73%;9,78%;;;;;;;;;;;;;;;;;;;;;;;;
27;Eure;435450;293486;67,40%;141964;32,60%;285976;65,67%;97,44%;5610;1,29%;1,91%;1900;0,44%;0,65%;EXG;3950;0,91%;1,38%;UG;65973;15,15%;23,07%;DIV;517;0,12%;0,18%;ENS;62400;14,33%;21,82%;DVC;9369;2,15%;3,28%;LR;3233;0,74%;1,13%;DVD;8773;2,01%;3,07%;RN;129111;29,65%;45,15%;REC;2651;0,61%;0,93%;;;;;;;;;;;;;;;;;;;;;;;;
28;Eure-et-Loir;305627;201734;66,01%;103893;33,99%;196775;64,38%;97,54%;3701;1,21%;1,83%;1258;0,41%;0,62%;EXG;5206;1,70%;2,65%;UG;32904;10,77%;16,72%;ENS;40722;13,32%;20,69%;DVC;16439;5,38%;8,35%;LR;22245;7,28%;11,30%;RN;57662;18,87%;29,30%;REC;2743;0,90%;1,39%;UXD;18854;6,17%;9,58%;;;;;;;;;;;;;;;;;;;;;;;;;;;;
29;Finistère;714429;524034;73,35%;190395;26,65%;511456;71,59%;97,60%;9283;1,30%;1,77%;3295;0,46%;0,63%;EXG;6450;0,90%;1,26%;DVG;15207;2,13%;2,97%;UG;152747;21,38%;29,87%;ECO;1131;0,16%;0,22%;REG;4750;0,66%;0,93%;DIV;293;0,04%;0,06%;ENS;152782;21,39%;29,87%;DVC;11137;1,56%;2,18%;LR;19509;2,73%;3,81%;DVD;6697;0,94%;1,31%;DSV;1691;0,24%;0,33%;RN;136950;19,17%;26,78%;REC;2057;0,29%;0,40%;EXD;55;0,01%;0,01%;;;;
2A;Corse-du-Sud;114985;73460;63,89%;41525;36,11%;72066;62,67%;98,10%;840;0,73%;1,14%;554;0,48%;0,75%;EXG;133;0,12%;0,18%;COM;3125;2,72%;4,34%;SOC;4780;4,16%;6,63%;REG;23283;20,25%;32,31%;ENS;10210;8,88%;14,17%;DVD;6538;5,69%;9,07%;RN;23997;20,87%;33,30%;;;;;;;;;;;;;;;;;;;;;;;;;;;;;;;;
2B;Haute-Corse;130037;83732;64,39%;46305;35,61%;82039;63,09%;97,98%;953;0,73%;1,14%;740;0,57%;0,88%;EXG;483;0,37%;0,59%;FI;3353;2,58%;4,09%;VEC;2668;2,05%;3,25%;REG;30011;23,08%;36,58%;DIV;50;0,04%;0,06%;DVC;7481;5,75%;9,12%;DVD;15100;11,61%;18,41%;DSV;393;0,30%;0,48%;RN;22130;17,02%;26,97%;REC;370;0,28%;0,45%;;;;;;;;;;;;;;;;;;;;
30;Gard;562198;385840;68,63%;176358;31,37%;376201;66,92%;97,50%;6735;1,20%;1,75%;2904;0,52%;0,75%;EXG;3991;0,71%;1,06%;UG;103579;18,42%;27,53%;REG;1309;0,23%;0,35%;DIV;752;0,13%;0,20%;ENS;65842;11,71%;17,50%;UDI;1841;0,33%;0,49%;LR;25750;4,58%;6,84%;DVD;0;0,00%;0,00%;RN;145534;25,89%;38,69%;UXD;27602;4,91%;7,34%;EXD;1;0,00%;0,00%;;;;;;;;;;;;;;;;
31;Haute-Garonne;950712;692116;72,80%;258596;27,20%;672346;70,72%;97,14%;13892;1,46%;2,01%;5878;0,62%;0,85%;EXG;6441;0,68%;0,96%;DVG;828;0,09%;0,12%;UG;255623;26,89%;38,02%;ECO;5856;0,62%;0,87%;REG;150;0,02%;0,02%;DIV;1121;0,12%;0,17%;ENS;180747;19,01%;26,88%;DVC;5464;0,57%;0,81%;LR;3308;0,35%;0,49%;DVD;1967;0,21%;0,29%;DSV;746;0,08%;0,11%;RN;171031;17,99%;25,44%;REC;9022;0,95%;1,34%;UXD;30042;3,16%;4,47%;;;;
32;Gers;146904;108484;73,85%;38420;26,15%;104815;71,35%;96,62%;2464;1,68%;2,27%;1205;0,82%;1,11%;EXG;777;0,53%;0,74%;DVG;24185;16,46%;23,07%;UG;14129;9,62%;13,48%;ECO;1375;0,94%;1,31%;REG;2281;1,55%;2,18%;ENS;16072;10,94%;15,33%;LR;7416;5,05%;7,08%;RN;37314;25,40%;35,60%;REC;1266;0,86%;1,21%;;;;;;;;;;;;;;;;;;;;;;;;
33;Gironde;1182276;836263;70,73%;346013;29,27%;814278;68,87%;97,37%;15465;1,31%;1,85%;6520;0,55%;0,78%;EXG;10056;0,85%;1,23%;DVG;305;0,03%;0,04%;UG;268154;22,68%;32,93%;ECO;2984;0,25%;0,37%;DIV;143;0,01%;0,02%;ENS;229977;19,45%;28,24%;DVC;7791;0,66%;0,96%;LR;16752;1,42%;2,06%;DVD;4398;0,37%;0,54%;RN;268059;22,67%;32,92%;REC;5639;0,48%;0,69%;EXD;20;0,00%;0,00%;;;;;;;;;;;;
34;Hérault;864765;599075;69,28%;265690;30,72%;582760;67,39%;97,28%;11244;1,30%;1,88%;5071;0,59%;0,85%;EXG;5357;0,62%;0,92%;UG;188402;21,79%;32,33%;ECO;4068;0,47%;0,70%;DIV;1140;0,13%;0,20%;ENS;116918;13,52%;20,06%;UDI;1157;0,13%;0,20%;LR;4447;0,51%;0,76%;DVD;26141;3,02%;4,49%;RN;185960;21,50%;31,91%;REC;6546;0,76%;1,12%;UXD;42625;4,93%;7,31%;;;;;;;;;;;;;;;;
35;Ille-et-Vilaine;786142;578396;73,57%;207746;26,43%;564554;71,81%;97,61%;9548;1,21%;1,65%;4294;0,55%;0,74%;EXG;7293;0,93%;1,29%;DVG;486;0,06%;0,09%;UG;194754;24,77%;34,50%;ECO;76;0,01%;0,01%;REG;2787;0,35%;0,49%;ENS;161391;20,53%;28,59%;DVC;4067;0,52%;0,72%;LR;18083;2,30%;3,20%;DVD;34237;4,36%;6,06%;DSV;985;0,13%;0,17%;RN;140395;17,86%;24,87%;;;;;;;;;;;;;;;;
36;Indre;164446;111895;68,04%;52551;31,96%;107903;65,62%;96,43%;2532;1,54%;2,26%;1460;0,89%;1,30%;EXG;1687;1,03%;1,56%;UG;24441;14,86%;22,65%;DIV;836;0,51%;0,77%;HOR;17256;10,49%;15,99%;LR;18700;11,37%;17,33%;RN;19755;12,01%;18,31%;REC;716;0,44%;0,66%;UXD;24512;14,91%;22,72%;;;;;;;;;;;;;;;;;;;;;;;;;;;;
37;Indre-et-Loire;444906;308239;69,28%;136667;30,72%;299902;67,41%;97,30%;5810;1,31%;1,88%;2527;0,57%;0,82%;EXG;3902;0,88%;1,30%;DVG;1690;0,38%;0,56%;UG;86212;19,38%;28,75%;DIV;4252;0,96%;1,42%;ENS;87425;19,65%;29,15%;LR;18989;4,27%;6,33%;RN;72712;16,34%;24,25%;REC;2996;0,67%;1,00%;UXD;21724;4,88%;7,24%;;;;;;;;;;;;;;;;;;;;;;;;
38;Isère;891713;633410;71,03%;258303;28,97%;619891;69,52%;97,87%;10284;1,15%;1,62%;3235;0,36%;0,51%;EXG;6883;0,77%;1,11%;DVG;3348;0,38%;0,54%;UG;196644;22,05%;31,72%;ECO;1014;0,11%;0,16%;DIV;215;0,02%;0,03%;ENS;125698;14,10%;20,28%;DVC;7257;0,81%;1,17%;UDI;370;0,04%;0,06%;LR;60968;6,84%;9,84%;DSV;789;0,09%;0,13%;RN;158894;17,82%;25,63%;REC;2648;0,30%;0,43%;UXD;55163;6,19%;8,90%;;;;;;;;
39;Jura;190853;135019;70,75%;55834;29,25%;131192;68,74%;97,17%;2582;1,35%;1,91%;1245;0,65%;0,92%;EXG;1968;1,03%;1,50%;UG;31489;16,50%;24,00%;ENS;16231;8,50%;12,37%;LR;31234;16,37%;23,81%;DSV;694;0,36%;0,53%;RN;49186;25,77%;37,49%;REC;390;0,20%;0,30%;;;;;;;;;;;;;;;;;;;;;;;;;;;;;;;;
40;Landes;334334;240666;71,98%;93668;28,02%;232982;69,69%;96,81%;5183;1,55%;2,15%;2501;0,75%;1,04%;EXG;2204;0,66%;0,95%;UG;71346;21,34%;30,62%;REG;1809;0,54%;0,78%;ENS;58714;17,56%;25,20%;DVC;1865;0,56%;0,80%;LR;13046;3,90%;5,60%;RN;81567;24,40%;35,01%;REC;2431;0,73%;1,04%;;;;;;;;;;;;;;;;;;;;;;;;;;;;
41;Loir-et-Cher;244040;166919;68,40%;77121;31,60%;160894;65,93%;96,39%;4314;1,77%;2,58%;1711;0,70%;1,03%;EXG;3780;1,55%;2,35%;DVG;8311;3,41%;5,17%;UG;20822;8,53%;12,94%;DIV;142;0,06%;0,09%;ENS;38725;15,87%;24,07%;DVC;2867;1,17%;1,78%;UDI;2803;1,15%;1,74%;LR;3220;1,32%;2,00%;DVD;10386;4,26%;6,46%;RN;67371;27,61%;41,87%;REC;2467;1,01%;1,53%;;;;;;;;;;;;;;;;
42;Loire;517195;357504;69,12%;159691;30,88%;348683;67,42%;97,53%;6617;1,28%;1,85%;2204;0,43%;0,62%;EXG;4955;0,96%;1,42%;DVG;754;0,15%;0,22%;UG;90895;17,57%;26,07%;ECO;2086;0,40%;0,60%;ENS;26107;5,05%;7,49%;DVC;10754;2,08%;3,08%;UDI;7310;1,41%;2,10%;LR;73205;14,15%;20,99%;DVD;1177;0,23%;0,34%;RN;130117;25,16%;37,32%;REC;1084;0,21%;0,31%;EXD;239;0,05%;0,07%;;;;;;;;;;;;
43;Haute-Loire;182106;131939;72,45%;50167;27,55%;129156;70,92%;97,89%;1854;1,02%;1,41%;929;0,51%;0,70%;EXG;1463;0,80%;1,13%;UG;24592;13,50%;19,04%;ENS;11539;6,34%;8,93%;LR;48586;26,68%;37,62%;RN;42976;23,60%;33,27%;;;;;;;;;;;;;;;;;;;;;;;;;;;;;;;;;;;;;;;;
44;Loire-Atlantique;1073848;766963;71,42%;306885;28,58%;746531;69,52%;97,34%;15163;1,41%;1,98%;5269;0,49%;0,69%;EXG;9595;0,89%;1,29%;DVG;12060;1,12%;1,62%;UG;266958;24,86%;35,76%;ECO;3306;0,31%;0,44%;REG;3018;0,28%;0,40%;DIV;0;0,00%;0,00%;ENS;165458;15,41%;22,16%;LR;31060;2,89%;4,16%;DVD;58395;5,44%;7,82%;DSV;6113;0,57%;0,82%;RN;142001;13,22%;19,02%;REC;2635;0,25%;0,35%;UXD;45932;4,28%;6,15%;;;;;;;;
45;Loiret;461119;311007;67,45%;150112;32,55%;303676;65,86%;97,64%;5259;1,14%;1,69%;2072;0,45%;0,67%;EXG;2983;0,65%;0,98%;DVG;2129;0,46%;0,70%;UG;76532;16,60%;25,20%;ECO;1474;0,32%;0,49%;DIV;1272;0,28%;0,42%;ENS;63306;13,73%;20,85%;DVC;3620;0,79%;1,19%;LR;12303;2,67%;4,05%;DVD;19858;4,31%;6,54%;DSV;595;0,13%;0,20%;RN;115587;25,07%;38,06%;REC;4017;0,87%;1,32%;;;;;;;;;;;;
46;Lot;139367;102973;73,89%;36394;26,11%;99806;71,61%;96,92%;1712;1,23%;1,66%;1455;1,04%;1,41%;EXG;960;0,69%;0,96%;DVG;259;0,19%;0,26%;UG;30854;22,14%;30,91%;DIV;1237;0,89%;1,24%;ENS;17441;12,51%;17,47%;LR;22180;15,91%;22,22%;RN;26477;19,00%;26,53%;REC;398;0,29%;0,40%;;;;;;;;;;;;;;;;;;;;;;;;;;;;
47;Lot-et-Garonne;241288;169033;70,05%;72255;29,95%;163188;67,63%;96,54%;3551;1,47%;2,10%;2294;0,95%;1,36%;EXG;2150;0,89%;1,32%;DVG;7457;3,09%;4,57%;UG;38770;16,07%;23,76%;REG;1021;0,42%;0,63%;ENS;28427;11,78%;17,42%;DVD;12876;5,34%;7,89%;RN;72487;30,04%;44,42%;;;;;;;;;;;;;;;;;;;;;;;;;;;;;;;;
48;Lozère;59764;44845;75,04%;14919;24,96%;43478;72,75%;96,95%;914;1,53%;2,04%;453;0,76%;1,01%;EXG;284;0,48%;0,65%;DVG;81;0,14%;0,19%;UG;15292;25,59%;35,17%;DIV;2627;4,40%;6,04%;DVD;10451;17,49%;24,04%;RN;14743;24,67%;33,91%;;;;;;;;;;;;;;;;;;;;;;;;;;;;;;;;;;;;
49;Maine-et-Loire;597376;416526;69,73%;180850;30,27%;404095;67,65%;97,02%;8474;1,42%;2,03%;3957;0,66%;0,95%;EXG;5873;0,98%;1,45%;UG;104086;17,42%;25,76%;ENS;130064;21,77%;32,19%;DVC;2719;0,46%;0,67%;LR;38451;6,44%;9,52%;DVD;0;0,00%;0,00%;DSV;3584;0,60%;0,89%;RN;101522;16,99%;25,12%;REC;1730;0,29%;0,43%;UXD;16066;2,69%;3,98%;;;;;;;;;;;;;;;;;;;;
50;Manche;383268;265897;69,38%;117371;30,62%;259482;67,70%;97,59%;4658;1,22%;1,75%;1757;0,46%;0,66%;EXG;2918;0,76%;1,12%;UG;57452;14,99%;22,14%;ECO;639;0,17%;0,25%;DIV;6951;1,81%;2,68%;ENS;66927;17,46%;25,79%;DVD;37060;9,67%;14,28%;DSV;945;0,25%;0,36%;RN;40519;10,57%;15,62%;REC;2865;0,75%;1,10%;UXD;43206;11,27%;16,65%;;;;;;;;;;;;;;;;;;;;
51;Marne;381989;252247;66,04%;129742;33,96%;246124;64,43%;97,57%;4054;1,06%;1,61%;2069;0,54%;0,82%;EXG;3237;0,85%;1,32%;UG;46411;12,15%;18,86%;ECO;1301;0,34%;0,53%;DIV;134;0,04%;0,05%;ENS;62001;16,23%;25,19%;DVC;21751;5,69%;8,84%;LR;3249;0,85%;1,32%;DVD;21122;5,53%;8,58%;DSV;1219;0,32%;0,50%;RN;62644;16,40%;25,45%;REC;1165;0,30%;0,47%;UXD;21890;5,73%;8,89%;;;;;;;;;;;;
52;Haute-Marne;128214;84666;66,03%;43548;33,97%;81648;63,68%;96,44%;1829;1,43%;2,16%;1189;0,93%;1,40%;EXG;1553;1,21%;1,90%;UG;13980;10,90%;17,12%;DIV;355;0,28%;0,43%;ENS;12529;9,77%;15,35%;DVD;10407;8,12%;12,75%;RN;42824;33,40%;52,45%;;;;;;;;;;;;;;;;;;;;;;;;;;;;;;;;;;;;
53;Mayenne;226581;154947;68,38%;71634;31,62%;150682;66,50%;97,25%;2887;1,27%;1,86%;1378;0,61%;0,89%;EXG;1349;0,60%;0,90%;UG;43794;19,33%;29,06%;DIV;209;0,09%;0,14%;HOR;23294;10,28%;15,46%;ENS;18746;8,27%;12,44%;UDI;9957;4,39%;6,61%;DVD;7344;3,24%;4,87%;RN;45989;20,30%;30,52%;;;;;;;;;;;;;;;;;;;;;;;;;;;;
54;Meurthe-et-Moselle;494237;322583;65,27%;171654;34,73%;314644;63,66%;97,54%;5600;1,13%;1,74%;2339;0,47%;0,73%;EXG;4502;0,91%;1,43%;UG;101624;20,56%;32,30%;ECO;1133;0,23%;0,36%;DIV;244;0,05%;0,08%;ENS;44905;9,09%;14,27%;LR;42346;8,57%;13,46%;DSV;1328;0,27%;0,42%;RN;96527;19,53%;30,68%;REC;1141;0,23%;0,36%;EXD;20894;4,23%;6,64%;;;;;;;;;;;;;;;;;;;;
55;Meuse;134192;89545;66,73%;44647;33,27%;86935;64,78%;97,09%;1623;1,21%;1,81%;987;0,74%;1,10%;EXG;912;0,68%;1,05%;UG;12457;9,28%;14,33%;ECO;742;0,55%;0,85%;DVD;29425;21,93%;33,85%;DSV;708;0,53%;0,81%;RN;42691;31,81%;49,11%;;;;;;;;;;;;;;;;;;;;;;;;;;;;;;;;;;;;
56;Morbihan;615731;447778;72,72%;167953;27,28%;437442;71,04%;97,69%;7539;1,22%;1,68%;2797;0,45%;0,62%;EXG;4814;0,78%;1,10%;DVG;1898;0,31%;0,43%;UG;106270;17,26%;24,29%;ECO;1545;0,25%;0,35%;REG;32689;5,31%;7,47%;DIV;182;0,03%;0,04%;ENS;133759;21,72%;30,58%;DVD;19325;3,14%;4,42%;DSV;2474;0,40%;0,57%;RN;134486;21,84%;30,74%;;;;;;;;;;;;;;;;;;;;
57;Moselle;747360;467341;62,53%;280019;37,47%;454531;60,82%;97,26%;9174;1,23%;1,96%;3636;0,49%;0,78%;EXG;6744;0,90%;1,48%;DVG;466;0,06%;0,10%;UG;99965;13,38%;21,99%;REG;1886;0,25%;0,41%;DIV;3790;0,51%;0,83%;ENS;74716;10,00%;16,44%;UDI;16631;2,23%;3,66%;LR;44746;5,99%;9,84%;DVD;5751;0,77%;1,27%;DSV;1579;0,21%;0,35%;RN;196163;26,25%;43,16%;REC;2094;0,28%;0,46%;;;;;;;;;;;;
58;Nièvre;152615;102143;66,93%;50472;33,07%;98621;64,62%;96,55%;2271;1,49%;2,22%;1251;0,82%;1,22%;EXG;1648;1,08%;1,67%;DVG;9;0,01%;0,01%;UG;23644;15,49%;23,97%;ENS;24301;15,92%;24,64%;LR;5239;3,43%;5,31%;DSV;1429;0,94%;1,45%;RN;42351;27,75%;42,94%;;;;;;;;;;;;;;;;;;;;;;;;;;;;;;;;
59;Nord;1819768;1167267;64,14%;652501;35,86%;1137941;62,53%;97,49%;20806;1,14%;1,78%;8520;0,47%;0,73%;EXG;17972;0,99%;1,58%;DVG;28349;1,56%;2,49%;UG;295683;16,25%;25,98%;REG;58;0,00%;0,01%;DIV;18225;1,00%;1,60%;HOR;17168;0,94%;1,51%;ENS;146721;8,06%;12,89%;DVC;5766;0,32%;0,51%;UDI;17367;0,95%;1,53%;LR;24303;1,34%;2,14%;DVD;108354;5,95%;9,52%;DSV;2044;0,11%;0,18%;RN;397462;21,84%;34,93%;REC;4494;0,25%;0,39%;UXD;53975;2,97%;4,74%
60;Oise;567860;373249;65,73%;194611;34,27%;364208;64,14%;97,58%;6468;1,14%;1,73%;2573;0,45%;0,69%;EXG;3688;0,65%;1,01%;UG;78746;13,87%;21,62%;ECO;3315;0,58%;0,91%;DIV;573;0,10%;0,16%;ENS;42502;7,48%;11,67%;DVC;2885;0,51%;0,79%;UDI;13138;2,31%;3,61%;LR;48276;8,50%;13,26%;DVD;2766;0,49%;0,76%;DSV;1067;0,19%;0,29%;RN;163265;28,75%;44,83%;REC;3987;0,70%;1,09%;;;;;;;;;;;;
61;Orne;203373;139454;68,57%;63919;31,43%;136006;66,88%;97,53%;2455;1,21%;1,76%;993;0,49%;0,71%;EXG;1803;0,89%;1,33%;UG;29588;14,55%;21,75%;DIV;49;0,02%;0,04%;ENS;12718;6,25%;9,35%;DVC;5405;2,66%;3,97%;DVD;35375;17,39%;26,01%;DSV;1026;0,50%;0,75%;RN;48649;23,92%;35,77%;REC;1393;0,68%;1,02%;;;;;;;;;;;;;;;;;;;;;;;;
62;Pas-de-Calais;1100255;712879;64,79%;387376;35,21%;693578;63,04%;97,29%;12780;1,16%;1,79%;6521;0,59%;0,91%;EXG;9614;0,87%;1,39%;DVG;7054;0,64%;1,02%;UG;142004;12,91%;20,47%;ECO;946;0,09%;0,14%;DIV;1325;0,12%;0,19%;ENS;102898;9,35%;14,84%;DVC;19416;1,76%;2,80%;UDI;8571;0,78%;1,24%;LR;51145;4,65%;7,37%;DVD;0;0,00%;0,00%;RN;346995;31,54%;50,03%;REC;3610;0,33%;0,52%;;;;;;;;;;;;
63;Puy-de-Dôme;471298;334906;71,06%;136392;28,94%;325527;69,07%;97,20%;6231;1,32%;1,86%;3148;0,67%;0,94%;EXG;4381;0,93%;1,35%;DVG;64;0,01%;0,02%;UG;110392;23,42%;33,91%;ENS;68624;14,56%;21,08%;LR;37370;7,93%;11,48%;DVD;277;0,06%;0,09%;RN;102632;21,78%;31,53%;REC;1787;0,38%;0,55%;;;;;;;;;;;;;;;;;;;;;;;;;;;;
64;Pyrénées-Atlantiques;526593;378666;71,91%;147927;28,09%;369625;70,19%;97,61%;6308;1,20%;1,67%;2733;0,52%;0,72%;EXG;3051;0,58%;0,83%;DVG;31896;6,06%;8,63%;UG;98904;18,78%;26,76%;ECO;5433;1,03%;1,47%;REG;7962;1,51%;2,15%;DIV;1172;0,22%;0,32%;ENS;69384;13,18%;18,77%;DVC;248;0,05%;0,07%;LR;36676;6,96%;9,92%;DVD;10434;1,98%;2,82%;RN;85184;16,18%;23,05%;REC;671;0,13%;0,18%;UXD;18610;3,53%;5,03%;;;;;;;;
65;Hautes-Pyrénées;175824;124287;70,69%;51537;29,31%;120183;68,35%;96,70%;2808;1,60%;2,26%;1296;0,74%;1,04%;EXG;1225;0,70%;1,02%;UG;34619;19,69%;28,81%;REG;1486;0,85%;1,24%;DIV;17402;9,90%;14,48%;ENS;15121;8,60%;12,58%;LR;6231;3,54%;5,18%;RN;42708;24,29%;35,54%;REC;1391;0,79%;1,16%;;;;;;;;;;;;;;;;;;;;;;;;;;;;
66;Pyrénées-Orientales;368607;250076;67,84%;118531;32,16%;242415;65,77%;96,94%;4879;1,32%;1,95%;2782;0,75%;1,11%;EXG;2179;0,59%;0,90%;UG;59660;16,19%;24,61%;REG;5844;1,59%;2,41%;ENS;30541;8,29%;12,60%;DVC;16585;4,50%;6,84%;LR;5275;1,43%;2,18%;RN;118478;32,14%;48,87%;REC;3853;1,05%;1,59%;;;;;;;;;;;;;;;;;;;;;;;;;;;;
67;Bas-Rhin;788379;530252;67,26%;258127;32,74%;520746;66,05%;98,21%;6620;0,84%;1,25%;2886;0,37%;0,54%;EXG;3169;0,40%;0,61%;DVG;1723;0,22%;0,33%;UG;117959;14,96%;22,65%;ECO;4221;0,54%;0,81%;REG;12864;1,63%;2,47%;DIV;783;0,10%;0,15%;ENS;135110;17,14%;25,95%;LR;42012;5,33%;8,07%;DVD;19450;2,47%;3,74%;DSV;1977;0,25%;0,38%;RN;177435;22,51%;34,07%;REC;4043;0,51%;0,78%;;;;;;;;;;;;
68;Haut-Rhin;533009;347873;65,27%;185136;34,73%;339803;63,75%;97,68%;6055;1,14%;1,74%;2015;0,38%;0,58%;EXG;2227;0,42%;0,66%;DVG;471;0,09%;0,14%;UG;61115;11,47%;17,99%;ECO;5477;1,03%;1,61%;REG;10169;1,91%;2,99%;DIV;1641;0,31%;0,48%;ENS;84119;15,78%;24,76%;LR;27713;5,20%;8,16%;DVD;12618;2,37%;3,71%;DSV;2515;0,47%;0,74%;RN;128308;24,07%;37,76%;REC;3430;0,64%;1,01%;;;;;;;;;;;;
69;Rhône;1201783;861069;71,65%;340714;28,35%;847456;70,52%;98,42%;10044;0,84%;1,17%;3569;0,30%;0,41%;EXG;7196;0,60%;0,85%;DVG;12427;1,03%;1,47%;UG;288809;24,03%;34,08%;ECO;5043;0,42%;0,60%;REG;613;0,05%;0,07%;DIV;1392;0,12%;0,16%;ENS;201295;16,75%;23,75%;UDI;501;0,04%;0,06%;LR;99638;8,29%;11,76%;DVD;1401;0,12%;0,17%;RN;172439;14,35%;20,35%;REC;6865;0,57%;0,81%;UXD;49837;4,15%;5,88%;;;;;;;;
70;Haute-Saône;177733;125292;70,49%;52441;29,51%;120835;67,99%;96,44%;2428;1,37%;1,94%;2029;1,14%;1,62%;EXG;1834;1,03%;1,52%;UG;23994;13,50%;19,86%;DIV;906;0,51%;0,75%;ENS;26447;14,88%;21,89%;LR;6600;3,71%;5,46%;RN;59774;33,63%;49,47%;REC;1280;0,72%;1,06%;;;;;;;;;;;;;;;;;;;;;;;;;;;;;;;;
71;Saône-et-Loire;401350;276452;68,88%;124898;31,12%;268281;66,84%;97,04%;5305;1,32%;1,92%;2866;0,71%;1,04%;EXG;3839;0,96%;1,43%;UG;63049;15,71%;23,50%;DIV;193;0,05%;0,07%;ENS;45945;11,45%;17,13%;LR;32101;8,00%;11,97%;DVD;16255;4,05%;6,06%;DSV;2347;0,58%;0,87%;RN;80277;20,00%;29,92%;UXD;24275;6,05%;9,05%;;;;;;;;;;;;;;;;;;;;;;;;
72;Sarthe;412827;275024;66,62%;137803;33,38%;266009;64,44%;96,72%;6658;1,61%;2,42%;2357;0,57%;0,86%;EXG;3866;0,94%;1,45%;UG;72138;17,47%;27,12%;REG;217;0,05%;0,08%;DIV;91;0,02%;0,03%;ENS;62783;15,21%;23,60%;UDI;11962;2,90%;4,50%;LR;9594;2,32%;3,61%;DVD;1546;0,37%;0,58%;DSV;1843;0,45%;0,69%;RN;82556;20,00%;31,04%;REC;1131;0,27%;0,43%;UXD;18282;4,43%;6,87%;;;;;;;;;;;;
73;Savoie;323937;230378;71,12%;93559;28,88%;224776;69,39%;97,57%;3854;1,19%;1,67%;1748;0,54%;0,76%;EXG;2149;0,66%;0,96%;UG;58497;18,06%;26,02%;ECO;2292;0,71%;1,02%;REG;1244;0,38%;0,55%;DIV;1194;0,37%;0,53%;ENS;38738;11,96%;17,23%;UDI;2;0,00%;0,00%;LR;40198;12,41%;17,88%;DSV;1716;0,53%;0,76%;RN;53483;16,51%;23,79%;REC;1271;0,39%;0,57%;UXD;23992;7,41%;10,67%;;;;;;;;;;;;
74;Haute-Savoie;579112;398237;68,77%;180875;31,23%;389432;67,25%;97,79%;6678;1,15%;1,68%;2127;0,37%;0,53%;EXG;3350;0,58%;0,86%;UG;95180;16,44%;24,44%;REG;6559;1,13%;1,68%;DIV;181;0,03%;0,05%;ENS;91791;15,85%;23,57%;DVC;2265;0,39%;0,58%;LR;35923;6,20%;9,22%;DVD;24526;4,24%;6,30%;RN;61242;10,58%;15,73%;REC;2772;0,48%;0,71%;UXD;65643;11,34%;16,86%;;;;;;;;;;;;;;;;
75;Paris;1365376;1000217;73,26%;365159;26,74%;987709;72,34%;98,75%;8434;0,62%;0,84%;4074;0,30%;0,41%;EXG;5576;0,41%;0,56%;DVG;25475;1,87%;2,58%;UG;418994;30,69%;42,42%;ECO;9572;0,70%;0,97%;REG;410;0,03%;0,04%;DIV;1289;0,09%;0,13%;ENS;303396;22,22%;30,72%;DVC;24328;1,78%;2,46%;LR;50570;3,70%;5,12%;DVD;29506;2,16%;2,99%;DSV;9;0,00%;0,00%;RN;79562;5,83%;8,06%;REC;12840;0,94%;1,30%;UXD;26040;1,91%;2,64%;EXD;140;0,01%;0,01%
76;Seine-Maritime;879749;595293;67,67%;284456;32,33%;579947;65,92%;97,42%;11991;1,36%;2,01%;3355;0,38%;0,56%;EXG;8552;0,97%;1,47%;DVG;1404;0,16%;0,24%;UG;178687;20,31%;30,81%;DIV;3;0,00%;0,00%;HOR;101052;11,49%;17,42%;ENS;31452;3,58%;5,42%;DVC;514;0,06%;0,09%;LR;23079;2,62%;3,98%;DVD;11452;1,30%;1,97%;DSV;3064;0,35%;0,53%;RN;214320;24,36%;36,96%;REC;6368;0,72%;1,10%;;;;;;;;;;;;
77;Seine-et-Marne;915603;596367;65,13%;319236;34,87%;580561;63,41%;97,35%;11920;1,30%;2,00%;3886;0,42%;0,65%;EXG;9073;0,99%;1,56%;DVG;234;0,03%;0,04%;UG;185194;20,23%;31,90%;ECO;2102;0,23%;0,36%;REG;2691;0,29%;0,46%;DIV;440;0,05%;0,08%;ENS;99611;10,88%;17,16%;DVC;5217;0,57%;0,90%;UDI;8507;0,93%;1,47%;LR;37696;4,12%;6,49%;DVD;29773;3,25%;5,13%;DSV;824;0,09%;0,14%;RN;155401;16,97%;26,77%;REC;5436;0,59%;0,94%;UXD;38362;4,19%;6,61%
78;Yvelines;975961;688484;70,54%;287477;29,46%;675362;69,20%;98,09%;9690;0,99%;1,41%;3432;0,35%;0,50%;EXG;6042;0,62%;0,89%;RDG;2260;0,23%;0,33%;DVG;453;0,05%;0,07%;UG;199549;20,45%;29,55%;ECO;6268;0,64%;0,93%;DIV;3555;0,36%;0,53%;ENS;209177;21,43%;30,97%;DVC;1372;0,14%;0,20%;UDI;16344;1,67%;2,42%;LR;48671;4,99%;7,21%;DVD;17888;1,83%;2,65%;DSV;699;0,07%;0,10%;RN;113730;11,65%;16,84%;REC;10043;1,03%;1,49%;UXD;39311;4,03%;5,82%
79;Deux-Sèvres;275116;190926;69,40%;84190;30,60%;184265;66,98%;96,51%;4119;1,50%;2,16%;2542;0,92%;1,33%;EXG;1970;0,72%;1,07%;DVG;0;0,00%;0,00%;UG;31104;11,31%;16,88%;ECO;25435;9,25%;13,80%;ENS;27846;10,12%;15,11%;DVC;25247;9,18%;13,70%;LR;13598;4,94%;7,38%;RN;37947;13,79%;20,59%;REC;1533;0,56%;0,83%;UXD;19585;7,12%;10,63%;;;;;;;;;;;;;;;;;;;;
80;Somme;408739;277146;67,81%;131593;32,19%;269771;66,00%;97,34%;5125;1,25%;1,85%;2250;0,55%;0,81%;EXG;3593;0,88%;1,33%;UG;58118;14,22%;21,54%;ENS;49247;12,05%;18,26%;DVC;5490;1,34%;2,04%;LR;30938;7,57%;11,47%;DSV;261;0,06%;0,10%;RN;120672;29,52%;44,73%;REC;1452;0,36%;0,54%;;;;;;;;;;;;;;;;;;;;;;;;;;;;
81;Tarn;300434;215585;71,76%;84849;28,24%;207786;69,16%;96,38%;5142;1,71%;2,39%;2657;0,88%;1,23%;EXG;1846;0,61%;0,89%;DVG;178;0,06%;0,09%;UG;59246;19,72%;28,51%;REG;2023;0,67%;0,97%;ENS;37371;12,44%;17,99%;DVC;17352;5,78%;8,35%;LR;4082;1,36%;1,96%;DSV;95;0,03%;0,05%;RN;52087;17,34%;25,07%;REC;1758;0,59%;0,85%;UXD;31748;10,57%;15,28%;;;;;;;;;;;;;;;;
82;Tarn-et-Garonne;190618;134726;70,68%;55892;29,32%;129472;67,92%;96,10%;3565;1,87%;2,65%;1689;0,89%;1,25%;EXG;1969;1,03%;1,52%;RDG;9952;5,22%;7,69%;UG;35557;18,65%;27,46%;REG;310;0,16%;0,24%;DIV;769;0,40%;0,59%;ENS;20126;10,56%;15,54%;DVC;439;0,23%;0,34%;RN;32578;17,09%;25,16%;UXD;27772;14,57%;21,45%;;;;;;;;;;;;;;;;;;;;;;;;
83;Var;826248;552961;66,92%;273287;33,08%;539876;65,34%;97,63%;8967;1,09%;1,62%;4118;0,50%;0,74%;EXG;4403;0,53%;0,82%;UG;93769;11,35%;17,37%;ECO;11272;1,36%;2,09%;REG;2499;0,30%;0,46%;DIV;405;0,05%;0,08%;ENS;99207;12,01%;18,38%;DVC;1870;0,23%;0,35%;UDI;15451;1,87%;2,86%;LR;28716;3,48%;5,32%;DSV;71;0,01%;0,01%;RN;274317;33,20%;50,81%;REC;7896;0,96%;1,46%;;;;;;;;;;;;
84;Vaucluse;415418;280711;67,57%;134707;32,43%;272652;65,63%;97,13%;5538;1,33%;1,97%;2521;0,61%;0,90%;EXG;2178;0,52%;0,80%;DVG;8229;1,98%;3,02%;UG;63687;15,33%;23,36%;REG;1120;0,27%;0,41%;DIV;84;0,02%;0,03%;ENS;49374;11,89%;18,11%;UDI;1893;0,46%;0,69%;LR;14948;3,60%;5,48%;RN;126025;30,34%;46,22%;REC;5114;1,23%;1,88%;;;;;;;;;;;;;;;;;;;;
85;Vendée;560413;393095;70,14%;167318;29,86%;381254;68,03%;96,99%;7980;1,42%;2,03%;3861;0,69%;0,98%;EXG;4165;0,74%;1,09%;UG;77114;13,76%;20,23%;ENS;119085;21,25%;31,24%;DVC;10607;1,89%;2,78%;LR;2633;0,47%;0,69%;DVD;36307;6,48%;9,52%;DSV;3606;0,64%;0,95%;RN;66192;11,81%;17,36%;UXD;59650;10,64%;15,65%;EXD;1895;0,34%;0,50%;;;;;;;;;;;;;;;;;;;;
86;Vienne;307358;214025;69,63%;93333;30,37%;207457;67,50%;96,93%;4068;1,32%;1,90%;2500;0,81%;1,17%;EXG;2391;0,78%;1,15%;DVG;10122;3,29%;4,88%;UG;57407;18,68%;27,67%;ECO;417;0,14%;0,20%;HOR;15875;5,16%;7,65%;ENS;48635;15,82%;23,44%;DVC;1263;0,41%;0,61%;DVD;1658;0,54%;0,80%;DSV;752;0,24%;0,36%;RN;68937;22,43%;33,23%;;;;;;;;;;;;;;;;;;;;
87;Haute-Vienne;263679;190699;72,32%;72980;27,68%;182287;69,13%;95,59%;4829;1,83%;2,53%;3583;1,36%;1,88%;EXG;2890;1,10%;1,59%;UG;66285;25,14%;36,36%;ENS;32481;12,32%;17,82%;DVC;14768;5,60%;8,10%;DSV;2110;0,80%;1,16%;RN;63753;24,18%;34,97%;;;;;;;;;;;;;;;;;;;;;;;;;;;;;;;;;;;;
88;Vosges;275351;187158;67,97%;88193;32,03%;182281;66,20%;97,39%;3173;1,15%;1,70%;1704;0,62%;0,91%;EXG;2408;0,87%;1,32%;UG;30101;10,93%;16,51%;ECO;10;0,00%;0,01%;ENS;14592;5,30%;8,01%;DVC;1444;0,52%;0,79%;LR;14846;5,39%;8,14%;DVD;41852;15,20%;22,96%;RN;76490;27,78%;41,96%;REC;538;0,20%;0,30%;;;;;;;;;;;;;;;;;;;;;;;;
89;Yonne;236949;159338;67,25%;77611;32,75%;154848;65,35%;97,18%;3001;1,27%;1,88%;1489;0,63%;0,93%;EXG;2153;0,91%;1,39%;UG;36578;15,44%;23,62%;ECO;1019;0,43%;0,66%;ENS;32681;13,79%;21,11%;LR;7303;3,08%;4,72%;DVD;2271;0,96%;1,47%;DSV;895;0,38%;0,58%;RN;49221;20,77%;31,79%;REC;1730;0,73%;1,12%;UXD;20997;8,86%;13,56%;;;;;;;;;;;;;;;;;;;;
90;Territoire de Belfort;93986;65031;69,19%;28955;30,81%;63414;67,47%;97,51%;1026;1,09%;1,58%;591;0,63%;0,91%;EXG;923;0,98%;1,46%;UG;16032;17,06%;25,28%;REG;0;0,00%;0,00%;ENS;8402;8,94%;13,25%;LR;13101;13,94%;20,66%;DSV;350;0,37%;0,55%;RN;24606;26,18%;38,80%;;;;;;;;;;;;;;;;;;;;;;;;;;;;;;;;
91;Essonne;806813;542633;67,26%;264180;32,74%;529623;65,64%;97,60%;9477;1,17%;1,75%;3533;0,44%;0,65%;EXG;4762;0,59%;0,90%;DVG;14504;1,80%;2,74%;UG;187115;23,19%;35,33%;ECO;8900;1,10%;1,68%;DIV;18073;2,24%;3,41%;ENS;108194;13,41%;20,43%;DVC;218;0,03%;0,04%;LR;10326;1,28%;1,95%;DVD;21348;2,65%;4,03%;DSV;16288;2,02%;3,08%;RN;112413;13,93%;21,23%;REC;6338;0,79%;1,20%;UXD;21144;2,62%;3,99%;;;;;;;;
92;Hauts-de-Seine;1012587;734241;72,51%;278346;27,49%;720852;71,19%;98,18%;11072;1,09%;1,51%;2317;0,23%;0,32%;EXG;5259;0,52%;0,73%;DVG;2523;0,25%;0,35%;UG;259685;25,65%;36,02%;ECO;5628;0,56%;0,78%;DIV;700;0,07%;0,10%;ENS;203502;20,10%;28,23%;DVC;4672;0,46%;0,65%;UDI;1487;0,15%;0,21%;LR;118215;11,67%;16,40%;DVD;92;0,01%;0,01%;RN;76767;7,58%;10,65%;REC;10392;1,03%;1,44%;UXD;31930;3,15%;4,43%;;;;;;;;
93;Seine-Saint-Denis;819818;496990;60,62%;322828;39,38%;485512;59,22%;97,69%;8003;0,98%;1,61%;3475;0,42%;0,70%;EXG;8600;1,05%;1,77%;FI;8462;1,03%;1,74%;DVG;30694;3,74%;6,32%;UG;253604;30,93%;52,23%;ECO;1212;0,15%;0,25%;DIV;1340;0,16%;0,28%;ENS;35389;4,32%;7,29%;DVC;11201;1,37%;2,31%;UDI;14020;1,71%;2,89%;LR;18692;2,28%;3,85%;DVD;19341;2,36%;3,98%;RN;81310;9,92%;16,75%;REC;1561;0,19%;0,32%;EXD;86;0,01%;0,02%;;;;
94;Val-de-Marne;805640;547699;67,98%;257941;32,02%;536283;66,57%;97,92%;8059;1,00%;1,47%;3357;0,42%;0,61%;EXG;6515;0,81%;1,21%;DVG;293;0,04%;0,05%;UG;234262;29,08%;43,68%;ECO;4733;0,59%;0,88%;DIV;204;0,03%;0,04%;ENS;111264;13,81%;20,75%;DVC;3188;0,40%;0,59%;UDI;1167;0,14%;0,22%;LR;43047;5,34%;8,03%;DVD;22580;2,80%;4,21%;DSV;939;0,12%;0,18%;RN;88255;10,95%;16,46%;REC;7168;0,89%;1,34%;UXD;12491;1,55%;2,33%;EXD;177;0,02%;0,03%
95;Val-d'Oise;744653;482896;64,85%;261757;35,15%;471441;63,31%;97,63%;7850;1,05%;1,63%;3605;0,48%;0,75%;EXG;5458;0,73%;1,16%;DVG;0;0,00%;0,00%;UG;186248;25,01%;39,51%;ECO;3977;0,53%;0,84%;REG;1049;0,14%;0,22%;DIV;2966;0,40%;0,63%;ENS;99038;13,30%;21,01%;DVC;1788;0,24%;0,38%;UDI;4812;0,65%;1,02%;LR;34337;4,61%;7,28%;DVD;1961;0,26%;0,42%;DSV;1252;0,17%;0,27%;RN;111114;14,92%;23,57%;REC;4203;0,56%;0,89%;UXD;13238;1,78%;2,81%
971;Guadeloupe;318961;107028;33,56%;211933;66,44%;101076;31,69%;94,44%;2670;0,84%;2,49%;3282;1,03%;3,07%;EXG;2277;0,71%;2,25%;SOC;19509;6,12%;19,30%;DVG;42618;13,36%;42,16%;UG;226;0,07%;0,22%;REG;4988;1,56%;4,93%;DIV;5399;1,69%;5,34%;DVC;6062;1,90%;6,00%;LR;197;0,06%;0,19%;DVD;2291;0,72%;2,27%;RN;17020;5,34%;16,84%;REC;489;0,15%;0,48%;;;;;;;;;;;;;;;;
972;Martinique;304683;95062;31,20%;209621;68,80%;90186;29,60%;94,87%;2732;0,90%;2,87%;2144;0,70%;2,26%;EXG;1028;0,34%;1,14%;SOC;4489;1,47%;4,98%;DVG;12390;4,07%;13,74%;ECO;2736;0,90%;3,03%;REG;48544;15,93%;53,83%;DIV;100;0,03%;0,11%;UDI;2316;0,76%;2,57%;DVD;9565;3,14%;10,61%;RN;9018;2,96%;10,00%;;;;;;;;;;;;;;;;;;;;;;;;
973;Guyane;108900;35462;32,56%;73438;67,44%;34337;31,53%;96,83%;610;0,56%;1,72%;515;0,47%;1,45%;EXG;269;0,25%;0,78%;DVG;858;0,79%;2,50%;REG;23360;21,45%;68,03%;DVC;4626;4,25%;13,47%;DVD;3308;3,04%;9,63%;RN;1916;1,76%;5,58%;;;;;;;;;;;;;;;;;;;;;;;;;;;;;;;;;;;;
974;La Réunion;697145;317485;45,54%;379660;54,46%;298834;42,87%;94,13%;9320;1,34%;2,94%;9331;1,34%;2,94%;EXG;4984;0,71%;1,67%;DVG;78035;11,19%;26,11%;UG;53105;7,62%;17,77%;ECO;2126;0,30%;0,71%;REG;0;0,00%;0,00%;DIV;8800;1,26%;2,94%;ENS;3667;0,53%;1,23%;DVC;15319;2,20%;5,13%;LR;5670;0,81%;1,90%;DVD;38659;5,55%;12,94%;DSV;1622;0,23%;0,54%;RN;81220;11,65%;27,18%;REC;3544;0,51%;1,19%;EXD;2083;0,30%;0,70%;;;;
975;Saint-Pierre-et-Miquelon;5069;2807;55,38%;2262;44,62%;2748;54,21%;97,90%;37;0,73%;1,32%;22;0,43%;0,78%;FI;409;8,07%;14,88%;SOC;464;9,15%;16,89%;DVG;400;7,89%;14,56%;DVD;1184;23,36%;43,09%;RN;291;5,74%;10,59%;;;;;;;;;;;;;;;;;;;;;;;;;;;;;;;;;;;;;;;;
976;Mayotte;98109;42248;43,06%;55861;56,94%;39558;40,32%;93,63%;1128;1,15%;2,67%;1562;1,59%;3,70%;EXG;684;0,70%;1,73%;DVG;552;0,56%;1,40%;DIV;122;0,12%;0,31%;DVC;7030;7,17%;17,77%;LR;6226;6,35%;15,74%;DVD;16522;16,84%;41,77%;RN;7933;8,09%;20,05%;REC;489;0,50%;1,24%;;;;;;;;;;;;;;;;;;;;;;;;;;;;
986;Wallis et Futuna;9031;6964;77,11%;2067;22,89%;6877;76,15%;98,75%;49;0,54%;0,70%;38;0,42%;0,55%;ENS;4281;47,40%;62,25%;DVC;1028;11,38%;14,95%;DVD;1568;17,36%;22,80%;;;;;;;;;;;;;;;;;;;;;;;;;;;;;;;;;;;;;;;;;;;;;;;;
987;Polynésie française;212049;91386;43,10%;120663;56,90%;89951;42,42%;98,43%;834;0,39%;0,91%;601;0,28%;0,66%;ECO;3958;1,87%;4,40%;REG;35888;16,92%;39,90%;DVD;46697;22,02%;51,91%;RN;3408;1,61%;3,79%;;;;;;;;;;;;;;;;;;;;;;;;;;;;;;;;;;;;;;;;;;;;
988;Nouvelle-Calédonie;222114;133305;60,02%;88809;39,98%;130788;58,88%;98,11%;1511;0,68%;1,13%;1006;0,45%;0,75%;DVG;11637;5,24%;8,90%;ECO;235;0,11%;0,18%;REG;56869;25,60%;43,48%;DIV;63;0,03%;0,05%;HOR;9737;4,38%;7,44%;DVD;49527;22,30%;37,87%;RN;2562;1,15%;1,96%;REC;158;0,07%;0,12%;;;;;;;;;;;;;;;;;;;;;;;;;;;;
ZX;Saint-Martin/Saint-Barthélemy;25227;7232;28,67%;17995;71,33%;6919;27,43%;95,67%;213;0,84%;2,95%;100;0,40%;1,38%;DIV;824;3,27%;11,91%;DVC;2867;11,36%;41,44%;DVD;2548;10,10%;36,83%;REC;680;2,70%;9,83%;;;;;;;;;;;;;;;;;;;;;;;;;;;;;;;;;;;;;;;;;;;;
ZZ;Français établis hors de France;1570288;573950;36,55%;996338;63,45%;566232;36,06%;98,66%;6697;0,43%;1,17%;1021;0,07%;0,18%;RDG;222;0,01%;0,04%;DVG;12395;0,79%;2,19%;UG;195346;12,44%;34,50%;ECO;2297;0,15%;0,41%;REG;507;0,03%;0,09%;DIV;7114;0,45%;1,26%;ENS;185199;11,79%;32,71%;DVC;41508;2,64%;7,33%;LR;39297;2,50%;6,94%;DVD;6747;0,43%;1,19%;DSV;1981;0,13%;0,35%;RN;56115;3,57%;9,91%;REC;9862;0,63%;1,74%;UXD;6147;0,39%;1,09%;EXD;1495;0,10%;0,26%
